Title,Link,Date
Three More JavaScript Mistakes That Beginners Make,https://www.rithmschool.com/blog/three-more-js-mistakes-that-beginners-make,"March 07, 2019"
Alumni Spotlight: Miranda Howitt,https://www.rithmschool.com/blog/alumni-spotlight-miranda,"February 12, 2019"
Alumni Spotlight: Kristen Lingwood,https://www.rithmschool.com/blog/alumni-spotlight-kristen,"February 06, 2019"
Alumni Spotlight: Tyler Ketron,https://www.rithmschool.com/blog/alumni-spotlight-tyler,"January 30, 2019"
Avoiding Burnout,https://www.rithmschool.com/blog/avoiding-burnout,"January 09, 2019"
Student Interview: Sarah + Zac on Company Projects,https://www.rithmschool.com/blog/student-interview-sarah-zac,"December 18, 2018"
A New Tuition Option: We Make Money Only When You Do,https://www.rithmschool.com/blog/new-tuition-option,"December 11, 2018"
MongoDB is Easy,https://www.rithmschool.com/blog/mongodb-is-easy,"December 06, 2018"
Meet The Instructor: Alissa Renz,https://www.rithmschool.com/blog/meet-the-instructor-alissa-renz,"November 14, 2018"
Error Handling in Express,https://www.rithmschool.com/blog/error-handling-express,"November 05, 2018"
